title,reviewid,creationdate,criticname,originalscore,reviewstate,reviewtext,embedding
Quantum Paradox,8923773,2020-11-30,Jamie Lowell,3.5/4,rotten,"This is a generated review for Quantum Paradox, written by Jamie Lowell.","[-0.0011549789553110396, 0.013197749376098935, 0.010286801681173054, -0.016193082051576935, -0.006727969168877216, -0.009369834892520287, -0.014319440050561889, -0.0018344462655562575, -0.016740749736969516, 0.001824461097327576]"
Neon Horizon,2293286,2024-10-13,Taylor Brooks,NaN,rotten,"This is a generated review for Neon Horizon, written by Taylor Brooks.","[-0.018687752400767886, -0.012543024205089882, -0.00543102664854421, -0.015505528877152806, -0.008266423719815572, -0.011272069922969844, -0.017594501784716568, 0.01802436863169846, -0.018246649749074268, -0.005646827022059982]"
Skyline Reborn,4576838,2018-02-27,Taylor Brooks,2.5/5,fresh,"This is a generated review for Skyline Reborn, written by Taylor Brooks.","[-0.019992740583478393, 0.017482441848147467, -0.006507262162800358, 0.01650215447496776, 0.0031593028150408015, 0.018583611114992103, -0.0034584988183356605, -0.006465308146007027, 0.003223027095106308, 0.016598665352243195]"
Neon Horizon,4872729,2022-07-24,Taylor Brooks,2.5/5,rotten,"This is a generated review for Neon Horizon, written by Taylor Brooks.","[0.0027490096430366207, -0.00655367007091638, -0.0033383832738730877, -0.007040463854023465, 0.005421910739632989, -0.01213725245629341, -0.0031498181542962897, -0.007455195107977439, 0.015909379257309914, 0.010764388102679025]"
Neon Horizon,4678279,2022-04-07,Morgan Tate,1/5,fresh,"This is a generated review for Neon Horizon, written by Morgan Tate.","[-0.008710113281211181, -0.011780378119822155, 0.010266531458832363, 0.007986120968579473, 0.003784315206924984, 0.010131906941982582, -0.019385352242215822, 0.011420156555431268, -0.0192413547321777, 0.010491042217769326]"
The Last Echo,4178722,2016-08-17,Taylor Brooks,4/5,fresh,"This is a generated review for The Last Echo, written by Taylor Brooks.","[-0.011505588467511138, 0.017667962770207605, -0.009857376341765556, -0.00953349511190317, 0.019728221976815116, -0.012021611305086726, -0.0010406171874727463, -0.0078103369857226695, -0.00050508535198392, 0.0075976847658146135]"
The Last Echo,5855705,2021-01-24,Alex Harper,3/5,rotten,"This is a generated review for The Last Echo, written by Alex Harper.","[0.0014443400952688507, -0.0034132040041187604, -0.0008404975338333273, -0.01911993053404889, -0.0019243388025762496, -0.005330258036750451, 0.0030586034886633286, -0.005916004202853497, -0.005453275632676618, -0.018724771782818127]"
Skyline Reborn,2767933,2016-10-06,Morgan Tate,3/5,fresh,"This is a generated review for Skyline Reborn, written by Morgan Tate.","[0.004414863454087991, 0.017769403303639613, -0.012138342564930675, 0.00335129333427351, 0.0026554377135289756, -0.008973695995397529, -0.007089193880960415, -0.01200963408408711, -0.010603100439006856, 0.0019501288325179979]"
Quantum Paradox,6114854,2025-02-16,Jordan Reese,1/5,rotten,"This is a generated review for Quantum Paradox, written by Jordan Reese.","[0.0024431819644236165, -0.018939984646908884, 0.01723065825927086, -0.012191312370081078, 0.010965463362554596, 0.010431434385878808, 0.009847852071229384, -0.0010790941914153758, 0.0017854397157511213, -0.006673547876406784]"
Neon Horizon,9858152,2017-11-22,Jamie Lowell,1/5,fresh,"This is a generated review for Neon Horizon, written by Jamie Lowell.","[-0.014899472656353833, -0.016878165701436243, -0.006084013853442479, 0.0038560025249397833, 0.010388546711631443, 0.016446593184581953, 0.005776406970482338, 0.009680057575615096, -0.01868064196225161, 0.0058279771128616105]"
Quantum Paradox,7587232,2022-04-07,Taylor Brooks,4/5,rotten,"This is a generated review for Quantum Paradox, written by Taylor Brooks.","[0.018328714005707732, 0.0004934513242803307, 0.002204712560232417, -0.016674999405837793, -0.0014889318930325461, -0.010933238952252608, -0.0018590862761698225, 0.0189737286499253, -0.013989727876831299, -0.0006532627262854987]"
The Last Echo,6674105,2024-10-25,Morgan Tate,2.5/5,rotten,"This is a generated review for The Last Echo, written by Morgan Tate.","[0.002352690777690472, -0.015408953136345627, 0.008490059542370018, -0.007358108500724932, -0.010951992463935833, -0.0008948060369582088, 0.006264288322531203, -0.012917913107670619, -0.005436260039293374, 0.014357363811818725]"
Neon Horizon,4744091,2018-05-21,Taylor Brooks,3.5/4,fresh,"This is a generated review for Neon Horizon, written by Taylor Brooks.","[-0.007911685925914732, 0.01864054728410557, -0.002817364900782611, -0.011239176768767307, -0.008210766643655108, -0.005014509416212794, -0.0009478451622839772, 0.010725463069497322, -0.011117735672750628, -0.006862940163155917]"
Shadow of Time,2377284,2022-05-22,Morgan Tate,3/5,fresh,"This is a generated review for Shadow of Time, written by Morgan Tate.","[-0.0003429192974401217, -0.010131904161261427, 0.018607044012920727, 0.008802390355305497, -0.017330870492145507, -0.010400809457532918, 0.010438477017648776, 0.01341082122366381, 0.00045246511162572514, 0.003933140112432048]"
The Last Echo,9054833,2017-04-03,Jordan Reese,3/5,fresh,"This is a generated review for The Last Echo, written by Jordan Reese.","[0.010866737329660668, -0.019351115957733162, 0.006030559848471326, 0.014471816760842134, -0.013424412280151943, 0.006386755816088597, -0.002130383690812993, 0.014488428133006766, 0.012358783356953732, -0.009947374986319151]"
Quantum Paradox,1942352,2019-07-25,Taylor Brooks,NaN,rotten,"This is a generated review for Quantum Paradox, written by Taylor Brooks.","[-0.010376077535088539, -0.015848041920091576, 0.0019105668700578303, 0.018621201168635342, 0.016078101380057896, -0.006966323776839971, 0.0038959940795301948, 0.007259964767165852, 0.012125935466908561, 0.007165247103637921]"
Neon Horizon,8572188,2018-06-08,Alex Harper,4/5,fresh,"This is a generated review for Neon Horizon, written by Alex Harper.","[-0.013052526859317397, 0.005766300762852224, -0.018053838264858117, -0.01887918295591793, 0.0037672558068795464, -0.0005373867153063462, 0.015127092417183196, -0.0010983742286657001, -0.009724245456523372, -0.011678669599158847]"
The Last Echo,9742136,2015-12-25,Taylor Brooks,4/5,rotten,"This is a generated review for The Last Echo, written by Taylor Brooks.","[-0.003971954123464544, 0.0194590896478353, -0.014524610483444732, -0.01120173139688097, 0.01796113276708026, 0.011408101278134988, 0.008321604191860309, 0.008076725203012142, -0.016069070118312472, 0.018826927689407486]"
The Last Echo,5830556,2022-06-15,Morgan Tate,NaN,rotten,"This is a generated review for The Last Echo, written by Morgan Tate.","[0.01176057893505016, -0.01541999790083187, -0.01138432018696509, -0.004600705629726148, -0.00276791834285842, -0.01617990627005217, -0.0094678281646851, 0.0027220937470501735, 0.015307492674089807, -0.0009512412881766512]"
Skyline Reborn,9942034,2022-05-20,Jamie Lowell,1/5,rotten,"This is a generated review for Skyline Reborn, written by Jamie Lowell.","[-0.000613441919315609, 0.009357722262471713, 0.005132827366723401, 0.019867888483188326, -0.0022243264174749942, 0.001808323421051819, -0.004866461831543706, -0.019395397122982497, -0.001349728947248368, 0.017678395509067916]"
Skyline Reborn,2463865,2019-08-30,Taylor Brooks,3/5,rotten,"This is a generated review for Skyline Reborn, written by Taylor Brooks.","[0.014109945881383059, -0.010388491388710378, 0.004944878879887305, 0.0008466331336042729, -0.016382336846282042, 0.013603272939328833, -0.0008035749744608328, -0.013470739286939258, -0.002236941741097332, -0.0048383677035936535]"
Quantum Paradox,6006061,2023-08-17,Jamie Lowell,3.5/4,fresh,"This is a generated review for Quantum Paradox, written by Jamie Lowell.","[-0.01073164594440812, -0.017482094989525437, -0.015978286412948996, -0.018179582954968698, -0.005022325751116163, 0.016608172299774532, 0.0050334609259616026, 0.010436902712075136, 0.010519808418430296, 0.011054071848023993]"
Quantum Paradox,2711998,2017-07-26,Alex Harper,4/5,rotten,"This is a generated review for Quantum Paradox, written by Alex Harper.","[-0.009973906155228899, -0.010792834989805669, 0.005704928988565446, -0.008574889008539914, -0.008957237272866538, -0.003954758001742002, 0.01075317703045316, -0.01925636763804281, -0.0068817859439199176, -0.0037570839881808163]"
Shadow of Time,7942346,2018-10-31,Jamie Lowell,3/5,rotten,"This is a generated review for Shadow of Time, written by Jamie Lowell.","[0.008802528419709098, 0.005138308240518863, 0.004885327771201174, -0.007548509251760654, -0.011518119107149305, -0.006645781419796557, -0.013409376595134526, -0.013736811971809905, 0.009037741039146247, 0.013942995050310481]"
Skyline Reborn,3387982,2021-12-01,Alex Harper,4/5,rotten,"This is a generated review for Skyline Reborn, written by Alex Harper.","[0.014498283524137411, -0.0064988589959975186, 0.013758951078266118, 0.018586553754556135, 0.012264841814203068, -0.009355045961888906, 0.006286822577209604, 0.006452615612630181, -0.012615504800232267, -0.012178865039733271]"
Quantum Paradox,8697152,2019-08-12,Morgan Tate,NaN,fresh,"This is a generated review for Quantum Paradox, written by Morgan Tate.","[-0.003317679554344744, -0.007152283721562713, -0.016005498157772538, -0.008865030332463388, -0.014939164115923416, -8.457302189486537e-05, -0.011318747628465502, 0.010671758083620485, 0.009756274501311425, -0.01641339386215653]"
Quantum Paradox,3499063,2024-07-27,Jamie Lowell,1/5,rotten,"This is a generated review for Quantum Paradox, written by Jamie Lowell.","[-0.016411186135865355, -0.019484076736237362, -0.007130588147349846, -0.0085599895009792, 0.008774232934989336, -0.007788841747087898, 0.013214443095194327, -0.004066462312106375, 0.013956223791780163, 0.016770379116045415]"
Skyline Reborn,2524762,2022-04-23,Taylor Brooks,3/5,rotten,"This is a generated review for Skyline Reborn, written by Taylor Brooks.","[0.004044439041584823, 0.013125295907679916, -0.0072494307033431, -0.019525487618200322, 0.01094735228507238, 0.006995940648594129, 0.018966420872517074, -0.004359626428883646, -0.006248468441505221, -0.0062336933457135535]"
Shadow of Time,9285426,2019-07-22,Morgan Tate,2.5/5,fresh,"This is a generated review for Shadow of Time, written by Morgan Tate.","[0.01399594083817499, -0.006018008372721666, 0.005247713565691332, 0.008914937533845948, 0.008946531976525358, 0.008414276690767837, -0.004323746228192461, -0.0035588905433983076, -0.008619852411836541, -9.712666807334958e-05]"
Quantum Paradox,3477197,2016-05-18,Taylor Brooks,3.5/4,fresh,"This is a generated review for Quantum Paradox, written by Taylor Brooks.","[0.011689872040620938, -0.010842482906043309, 0.017920606818160722, 0.019808720472464184, 0.010968996110889737, 0.014721095736393724, -0.016732882537741012, 0.018248273413243827, -0.007404518804202379, -0.008787532251640662]"
Skyline Reborn,8632538,2023-05-17,Jordan Reese,3.5/4,fresh,"This is a generated review for Skyline Reborn, written by Jordan Reese.","[0.015846648045482612, 0.0032654887443109536, 0.008186013863334972, -0.0032677918482591356, -0.018267975414109655, 9.57313355683595e-05, 0.011434141164206994, -0.009631234283921613, -0.01583500447304751, -0.0019425916430758153]"
Quantum Paradox,2557501,2016-01-02,Taylor Brooks,2/5,rotten,"This is a generated review for Quantum Paradox, written by Taylor Brooks.","[-0.012488871255878489, 0.016528248131586164, -0.005677355541989141, 0.00016179602363033257, 0.019330153406161465, 0.018557377705926328, -0.014014629349963514, 0.017389167745470207, 0.0004049696210116187, -0.01946214577177992]"
Quantum Paradox,4706100,2023-02-25,Jamie Lowell,3/5,fresh,"This is a generated review for Quantum Paradox, written by Jamie Lowell.","[-0.011951239374469718, -0.005990507407608767, 0.01742771658854154, 0.015342805612964205, -0.016243714667226846, -0.019734478359792328, 0.015402159567021078, -0.0028248765527068356, 0.006978126398638023, -0.007028178898194902]"
The Last Echo,6123285,2024-11-02,Jordan Reese,NaN,rotten,"This is a generated review for The Last Echo, written by Jordan Reese.","[0.00838254556048271, 0.017794726917668705, 0.002356636981245896, -0.0022684491046758397, 0.008198003283850893, -0.008987650707712947, -0.012251458169599966, 0.00022154525790466645, -0.00785952354549274, 0.017822244859549915]"
The Last Echo,1991604,2016-01-25,Morgan Tate,2.5/5,rotten,"This is a generated review for The Last Echo, written by Morgan Tate.","[-0.010909451548497687, 0.0063692721513044365, -0.013887481500737497, -0.017918569977825302, -0.006887710249031396, -0.019580029481828225, 0.016011074993550378, 0.004482269010991087, 0.011006018618580006, -0.018615421621173026]"
Neon Horizon,8367326,2019-08-17,Taylor Brooks,NaN,fresh,"This is a generated review for Neon Horizon, written by Taylor Brooks.","[-0.00045484043111553366, -0.005095756656588301, -0.0008883843260690041, -0.007310286388826718, 0.001985065459487914, -0.00753680785430122, -0.015583933397126413, 0.012121446032946983, 0.003976916707859171, -0.0001894166947624329]"
Neon Horizon,4253980,2016-08-25,Morgan Tate,2.5/5,rotten,"This is a generated review for Neon Horizon, written by Morgan Tate.","[0.003677593567179723, -0.015880013605553082, 0.011330453588642622, -0.00695927749224496, 0.006074776335337262, -0.0195886968390137, -0.0020692169842081963, 0.002366440936743562, 0.011624171974829563, -0.017940061600458215]"
Quantum Paradox,7730765,2020-02-09,Jordan Reese,NaN,rotten,"This is a generated review for Quantum Paradox, written by Jordan Reese.","[0.009982768407757036, 0.011975099753564315, -0.014347569136863522, 0.014693318344123112, -0.007444457874052101, -0.018183531440742792, 0.012362891962364852, -0.017555035810838254, 0.01884156998279567, 0.007595861624783415]"
Shadow of Time,1080801,2022-09-20,Jordan Reese,NaN,rotten,"This is a generated review for Shadow of Time, written by Jordan Reese.","[-0.00912894221788109, -0.01860260562250362, 0.018631148330685365, 0.010754076481226255, 0.002281468652709326, 0.002237802014165409, -0.013446639020002467, -0.01218251994278781, 0.016962497499584287, 0.018854848873682547]"
Skyline Reborn,1764829,2017-08-30,Jamie Lowell,2.5/5,fresh,"This is a generated review for Skyline Reborn, written by Jamie Lowell.","[-0.014479343547483526, 0.017546126822240733, 0.009614673345162736, -0.01471324980171097, 0.019849171059877675, -0.01953035604359398, -0.019219202657553346, -0.00985874569830961, 0.01821926772921607, -0.004031319607740721]"
The Last Echo,7164976,2020-03-13,Taylor Brooks,NaN,rotten,"This is a generated review for The Last Echo, written by Taylor Brooks.","[0.0037157074680943016, 0.017042020407650817, -0.009739295404339519, 0.019591256022587194, 0.017254973629508025, 0.014198737941058626, -0.016681679157482997, -0.00996294350264881, -0.018966127685276956, -0.0154067066980158]"
Quantum Paradox,1908755,2025-02-19,Alex Harper,3.5/4,rotten,"This is a generated review for Quantum Paradox, written by Alex Harper.","[0.01538727990820157, 0.012237959896735765, -0.018657997867153175, -0.0057721159529866475, -0.005297564706491658, 0.013683253450719104, -0.006355596364253278, -0.018441072789376723, 0.016367668625895154, 0.016943325059526313]"
Neon Horizon,5442445,2016-02-17,Jordan Reese,4/5,fresh,"This is a generated review for Neon Horizon, written by Jordan Reese.","[-0.018669505963774168, -0.010580342245969883, 0.0038316342165749147, -0.014198765858559736, 0.005363991203894584, -0.003242780243360159, -0.010883656376777733, -0.011981919176051178, 0.005014832124879666, -0.007710231300402173]"
Quantum Paradox,9184234,2018-01-21,Jamie Lowell,4/5,rotten,"This is a generated review for Quantum Paradox, written by Jamie Lowell.","[-0.016182448411772108, -0.01167958633676507, -0.016401903919583453, -0.0026652401297408215, -0.007421744641880008, 0.018011958966064622, 0.013964852960334045, -0.012241523674533896, 0.002975578837294733, 0.011862082832698458]"
Skyline Reborn,6847750,2015-08-15,Alex Harper,2/5,rotten,"This is a generated review for Skyline Reborn, written by Alex Harper.","[-0.007642702088228188, 0.012231581706615213, -0.013417989600830828, 0.01149568675423113, -0.004535086512006346, -0.016789682171205446, 0.012492203410416503, 0.014770227424022061, -0.013397910001747771, -0.00984037268983903]"
Skyline Reborn,9240611,2020-02-01,Alex Harper,3/5,fresh,"This is a generated review for Skyline Reborn, written by Alex Harper.","[-0.004789790921788644, 0.0004636213892571517, -0.004109589377586292, -0.014775843386167185, 0.01382823894770793, -0.0009946430067984818, 0.01965183275174236, 0.019203125415120047, 0.007865343634277978, -0.01348686577772936]"
Skyline Reborn,4511206,2022-06-10,Alex Harper,4/5,rotten,"This is a generated review for Skyline Reborn, written by Alex Harper.","[-0.000399554440176763, 0.0038132243831144504, -0.008114160456830031, -0.010446582140719918, -0.007074580990404816, -0.003323849185890307, 0.01755254324762891, -0.0016699828369020966, 0.006126794006852638, -0.00622853335502823]"
Shadow of Time,1988831,2020-06-23,Jamie Lowell,1/5,fresh,"This is a generated review for Shadow of Time, written by Jamie Lowell.","[-0.007339038129026516, -0.006896058298938001, -0.009742088869581798, -0.01024957979513577, 0.012338117926875346, -0.004007842009148409, -0.005577466409342188, -0.01731452924104238, 0.00032011031344639576, 0.006239227761078055]"
Shadow of Time,9289340,2020-08-15,Jordan Reese,4/5,fresh,"This is a generated review for Shadow of Time, written by Jordan Reese.","[0.0014668781557727294, 0.013493913761501369, -0.014246616144307923, 0.019162426598408815, -0.0027943567001786733, 0.017444415097133976, -0.0012560375334422294, -0.015887469400136314, -0.00999144611962997, -0.005268626838071801]"
Skyline Reborn,6205774,2015-09-06,Jordan Reese,3.5/4,rotten,"This is a generated review for Skyline Reborn, written by Jordan Reese.","[0.001198160875710702, 0.014943300322893597, 0.008826079472907776, 0.015795515640674888, -0.0018737351184322515, -0.0021490755743935677, -0.008441106985291068, -0.0020338630215578878, 0.007729883786130869, 0.011864014510528712]"
Neon Horizon,2107489,2022-07-11,Jordan Reese,NaN,rotten,"This is a generated review for Neon Horizon, written by Jordan Reese.","[0.017159032616673595, 0.009051405501682784, -0.014290896506644604, -0.019436567546742372, -0.0003808870512682534, -0.010941357523072051, -0.0019476385742961816, 0.009624913672616923, -0.004666980103374817, 0.0015907143731805316]"
Skyline Reborn,5640668,2018-12-20,Morgan Tate,NaN,fresh,"This is a generated review for Skyline Reborn, written by Morgan Tate.","[0.019779485459225515, 0.008522610521025688, 0.016071189840241067, 0.004998485091310494, -0.019351147435195927, -0.002245246290799644, 0.012699251395047333, -0.0005612073916967351, 0.013883247996489777, -0.013778682733971061]"
Neon Horizon,9975716,2018-07-15,Alex Harper,3/5,rotten,"This is a generated review for Neon Horizon, written by Alex Harper.","[-0.009228443580496001, -0.002250431047762902, 0.01987377508883859, -0.011494736347715874, 0.00042324136143258306, 0.007089665650541747, -0.002996937305358601, 0.016904088766550817, 0.013696616351017831, 0.004665152389336881]"
Skyline Reborn,8824904,2023-06-12,Alex Harper,2.5/5,rotten,"This is a generated review for Skyline Reborn, written by Alex Harper.","[-0.009346443459672798, -0.01460930673052125, -0.0006196980785961662, -0.01093967599648094, -0.00500831014145974, 0.01679968774169827, -0.014555686339078677, 0.008591077431273374, -0.01153710949931805, -0.005363731911850529]"
Quantum Paradox,1625091,2015-08-27,Morgan Tate,2/5,rotten,"This is a generated review for Quantum Paradox, written by Morgan Tate.","[0.01726405917412117, -0.003862100888435284, 0.01875845497215566, 0.008207513541481672, 0.017596042384618007, -0.011209473130389048, 0.0005767730861120715, 0.008165497304237115, 0.018630916771914554, 0.008957350123094298]"
The Last Echo,9729659,2015-09-27,Alex Harper,3.5/4,rotten,"This is a generated review for The Last Echo, written by Alex Harper.","[-0.019884362779578876, -0.0029974147580655065, -0.011303926225311773, 0.011767479216439395, -0.0002298417691080877, 0.01131192450950175, 0.010321018506073327, 0.016108757015378884, -0.01698183195032957, -0.003353456057785951]"
The Last Echo,6618831,2015-12-06,Taylor Brooks,NaN,fresh,"This is a generated review for The Last Echo, written by Taylor Brooks.","[0.013859445579598288, 0.007767409327499544, 0.019801299695374735, 0.014349761397446963, 0.00766904064672266, 0.0019511632817388984, -0.013413395951059361, 0.010533346777492032, 0.016514610570138057, -0.01462266486280896]"
The Last Echo,6534095,2022-11-25,Jordan Reese,NaN,rotten,"This is a generated review for The Last Echo, written by Jordan Reese.","[-0.01299862486047194, 0.018298338078197866, -0.004573629547822242, 0.01843484561715895, -0.009090615060909303, -0.012229311614319664, -0.008709148556940969, 0.014419604236514946, -0.004721439052763406, 0.003314857648129773]"
The Last Echo,1054170,2017-06-23,Jordan Reese,4/5,fresh,"This is a generated review for The Last Echo, written by Jordan Reese.","[0.007470012327729814, 0.011342261937626535, 0.008183305432736009, 0.0174999845694695, 0.0037325697921934617, -0.0030423762366030976, -0.011130536672847753, -0.0061964302611384, -0.00940436346989522, 0.00882245424616905]"
Neon Horizon,5827242,2020-12-25,Morgan Tate,1/5,fresh,"This is a generated review for Neon Horizon, written by Morgan Tate.","[-0.01135895509336895, -0.008596541062431698, -0.005724451650657679, -0.018249468338594386, -0.017183053107416538, 0.014855111269476185, -0.014641438480245576, -0.004987153903423471, -0.0033179673182307627, 0.004645296540556201]"
Quantum Paradox,8252273,2015-06-22,Morgan Tate,1/5,fresh,"This is a generated review for Quantum Paradox, written by Morgan Tate.","[0.012654408265240804, -0.0031488312170218913, 0.017838281345352803, -0.004130214561286625, -0.007857670032252835, 0.002116298948220255, 0.003384717580056821, 0.004233804690337125, 0.011945489291987976, 0.017979961296792798]"
Quantum Paradox,7109492,2016-03-12,Jamie Lowell,4/5,fresh,"This is a generated review for Quantum Paradox, written by Jamie Lowell.","[-0.011896025194548101, -0.014647793311763522, -0.01986622683751675, -0.003117010392819985, 0.006060684363271836, -0.008615098663447522, -0.008567020343911099, -0.018139303105356778, 0.017359726272517233, 0.017729031721767898]"
Shadow of Time,2082581,2018-05-03,Morgan Tate,3.5/4,rotten,"This is a generated review for Shadow of Time, written by Morgan Tate.","[0.017175305556412602, -0.01073226089745749, -0.016000665977363215, 0.019030251698761543, 0.017015190686387672, -0.01797438539314232, -0.005254692311958072, -0.0009243787318963075, 0.018259766675632203, 0.010677790906254023]"
Skyline Reborn,8319918,2015-09-13,Alex Harper,2/5,rotten,"This is a generated review for Skyline Reborn, written by Alex Harper.","[-0.013020614111689546, 0.010851444841892911, 0.013055605502997784, 0.0072313998145231255, 0.005158589764680997, 0.0009442265468544118, -0.0006561297431282101, 0.016312450355400087, -0.007117427389224936, 0.01062767885192132]"
Shadow of Time,9367215,2016-03-28,Morgan Tate,1/5,rotten,"This is a generated review for Shadow of Time, written by Morgan Tate.","[-0.015906246867847994, -0.007978100725227266, -0.01996025301829463, -0.005710009322730154, 0.002260232004693278, 0.007623342648998967, 0.007927278836555137, 0.009833883071175144, -0.0013460614212164636, -0.0040645813093436005]"
Neon Horizon,8309151,2016-12-01,Jamie Lowell,NaN,rotten,"This is a generated review for Neon Horizon, written by Jamie Lowell.","[-0.004857800414087742, -0.004766071466542256, -0.011486848541989532, -0.005147508953800726, 0.018285079502700367, 0.012321116014180924, -0.001166647986511813, 0.00689111217516087, -0.01996203020490144, 0.006303092830531713]"
Quantum Paradox,1492179,2020-05-26,Jordan Reese,3/5,rotten,"This is a generated review for Quantum Paradox, written by Jordan Reese.","[-0.015716937051399968, 0.012313199121195623, 0.01801570309397545, 0.0035744582754106517, -0.013812243856119096, 0.019003167452985793, -0.007072648963433159, -0.008677322211918827, 0.005438807080166891, -0.0190642296121387]"
Neon Horizon,2391195,2020-02-18,Taylor Brooks,1/5,fresh,"This is a generated review for Neon Horizon, written by Taylor Brooks.","[0.0025855197654849754, -0.001033525689519331, 0.005815069084542771, -0.016485323682739493, 0.017189677233736985, -0.012798859874537088, -0.006836632859703378, 0.001273210788987466, 0.011108884037154175, -0.0195297311235459]"
Neon Horizon,3331787,2024-03-10,Taylor Brooks,4/5,rotten,"This is a generated review for Neon Horizon, written by Taylor Brooks.","[-0.003918703747139464, -0.010167787104566832, -0.016381136708126957, 0.01844917631655348, 0.006959240059653066, 0.005242953296346095, -0.0008811549815035853, 0.012812914962083446, 0.0069510591100930795, -0.019319635132423123]"
Neon Horizon,6607160,2018-10-11,Morgan Tate,NaN,fresh,"This is a generated review for Neon Horizon, written by Morgan Tate.","[0.0032450051468049385, -0.005036626210429062, 0.007165808408354946, -0.0007675862611012975, 0.010914865572288934, 0.015976203703624025, 0.0031038817374134907, 0.00012273531768404802, -0.010672335714952066, 0.019095256044198882]"
Shadow of Time,8946353,2021-05-30,Morgan Tate,2/5,fresh,"This is a generated review for Shadow of Time, written by Morgan Tate.","[0.002571397424925497, -0.01800492853287117, -0.00840316959558483, 0.01976596775768581, -0.018197778338162402, 0.0076004630872018066, 0.0017249989465002412, 0.00839747205232054, 0.00950061843325957, 0.01063288236131275]"
Skyline Reborn,3331505,2024-07-10,Jamie Lowell,4/5,fresh,"This is a generated review for Skyline Reborn, written by Jamie Lowell.","[0.003478784453867796, -0.004060488367199088, 0.007217901738779342, 0.008271722957337819, 0.018007109661799196, -0.01867858680530927, 0.00457454306171997, -0.018881567729356608, 0.008149375430388711, 0.015248226670766963]"
Quantum Paradox,8910570,2023-12-17,Jamie Lowell,1/5,fresh,"This is a generated review for Quantum Paradox, written by Jamie Lowell.","[0.0037014050892364876, 0.007442825121052127, -0.008315873636050509, -0.005461112139156765, 0.01963050291992741, 0.0044875839938560425, -0.004619577730771866, -0.0025782545791057654, -0.007250775344628271, 0.009986309579279196]"
Shadow of Time,9557673,2017-11-14,Jamie Lowell,2/5,fresh,"This is a generated review for Shadow of Time, written by Jamie Lowell.","[0.013494597764226113, -0.0059456546324398556, 0.005313513593708193, 0.01345101978222574, 0.0035611168951448745, 0.0013036883360287646, 0.008703487072161592, -0.00718250734872798, 0.018212528543833272, -0.003009744113650511]"
The Last Echo,9275213,2019-07-08,Jamie Lowell,2.5/5,fresh,"This is a generated review for The Last Echo, written by Jamie Lowell.","[-0.00014579969727064254, 0.002130467807885901, 0.00959771665621113, -0.017833093353171518, -0.014017208297339875, -0.018877167999471995, 0.009880316098956378, 0.005973132568422978, -0.006686055252398489, 0.0026051833221829752]"
The Last Echo,5985963,2020-07-16,Alex Harper,2/5,fresh,"This is a generated review for The Last Echo, written by Alex Harper.","[0.01856494539966481, 0.0013325405052549977, 0.0008031527061432495, 0.013870656559751098, -0.012655476402207527, -0.003817681488836898, 0.014145030943444579, -0.0035869663229573696, 0.004394087969270304, 0.015290946406132083]"
Shadow of Time,7693186,2016-11-12,Morgan Tate,2/5,rotten,"This is a generated review for Shadow of Time, written by Morgan Tate.","[0.012954243498000794, 0.0028246704012662056, -0.01789013342020842, 1.691482950424983e-05, 0.01969740859216668, 0.01582478355448522, 0.016202694894295943, 0.01844318644903069, 0.008551893605855433, 0.018385135897035398]"
Shadow of Time,1564037,2023-06-22,Jordan Reese,1/5,rotten,"This is a generated review for Shadow of Time, written by Jordan Reese.","[-0.01257045099308849, 0.0011014281159999126, -0.013251067722477354, -0.012148282011014606, 0.016259993471330645, 0.0005393696816327898, 0.0159544545150697, -0.015705861934700426, 0.009290618819699007, 0.015180208686770762]"
Neon Horizon,7172385,2017-05-29,Alex Harper,NaN,fresh,"This is a generated review for Neon Horizon, written by Alex Harper.","[-0.004890866061684998, -0.013697078959809334, 0.01404193522410881, 0.01159521656899767, 0.0007554666302016823, -0.015371317984605195, 0.00045536728929320217, -0.0032718299161230736, 0.000813549133821985, 0.01742157530589816]"
The Last Echo,9143501,2015-09-14,Morgan Tate,3.5/4,rotten,"This is a generated review for The Last Echo, written by Morgan Tate.","[-0.007666037232903324, -0.0037376593567814177, 0.002270230631274895, -0.0042448268314089835, -0.01206204685721268, 0.013645307099397753, -0.012857680263258531, 0.0021503499125874286, 0.016436594109561314, -0.01875807959599034]"
Skyline Reborn,8262425,2021-05-11,Taylor Brooks,3.5/4,rotten,"This is a generated review for Skyline Reborn, written by Taylor Brooks.","[0.017452654101276287, -0.002348062298833796, 0.0010748989819630538, -0.007433825038688901, -0.0031243731712568175, 0.010402663176710774, -0.015934038883739957, 0.008863191681697257, -0.012706080649857687, -0.0071094711573590885]"
Quantum Paradox,9419238,2021-08-18,Jamie Lowell,NaN,fresh,"This is a generated review for Quantum Paradox, written by Jamie Lowell.","[0.008456917896518049, 0.007996100705198916, 0.0006889877107544434, 0.012358661946405908, -0.0015265793016409068, -0.00949154429568142, 0.014920809809051184, -0.009752835722221432, -0.007386304389764882, -0.015362053393011138]"
Neon Horizon,7476924,2016-04-11,Jamie Lowell,NaN,rotten,"This is a generated review for Neon Horizon, written by Jamie Lowell.","[-0.00345315148048754, -0.0037817083724217167, 0.016385118074504827, 0.019871902242466214, -0.019831804648612637, 0.006402979564746416, -0.007508140262614012, -0.01696725233624125, 0.014396992101669111, 0.00032632302551634934]"
Quantum Paradox,1849302,2022-04-03,Jordan Reese,NaN,fresh,"This is a generated review for Quantum Paradox, written by Jordan Reese.","[-0.0007839658059790762, -0.010813503721994775, -0.007035968965499229, -0.008446387163867653, 0.017796875328286926, 0.01964187479150817, 0.014626030260895127, -0.001772656431703372, 0.015581579944242866, -0.018169817571249386]"
Quantum Paradox,2144196,2021-06-06,Alex Harper,2.5/5,fresh,"This is a generated review for Quantum Paradox, written by Alex Harper.","[-0.015414062352109906, -0.00666491835711633, 0.01276395269212174, 0.011471675663269985, -0.014504079795449147, -0.019703474480562394, 0.005325005774898847, 0.012978504197673105, -0.00797836895239918, -0.013297594163305369]"
Shadow of Time,3524887,2015-10-07,Jamie Lowell,2/5,fresh,"This is a generated review for Shadow of Time, written by Jamie Lowell.","[0.011593065774906128, 0.017706587583496535, -0.01982046182698502, -0.017915422912119817, -0.0050530590216320715, -0.01059619685340556, 0.010475386836787566, 0.004880503678204629, 0.00819545307036847, 0.0029363477288722913]"
The Last Echo,2225995,2017-11-13,Jordan Reese,4/5,fresh,"This is a generated review for The Last Echo, written by Jordan Reese.","[0.016161892063655165, 0.014534366688268654, 0.009858146060802757, -0.0011878395071254072, -0.01769192811478472, -0.0004516606004030879, -0.012517780069064295, 0.009950347851413455, 0.008758247370284886, -0.003134178812438791]"
Neon Horizon,7543037,2023-04-24,Morgan Tate,2/5,fresh,"This is a generated review for Neon Horizon, written by Morgan Tate.","[-0.0026314708212139444, 0.010678328718340069, -0.0016069696307071252, 0.008513688038691174, -0.013831746110405944, -0.0153370966268989, 0.016523299652351085, 0.011931022312515246, 0.01363702340244793, -0.012821078349938536]"
Skyline Reborn,9597662,2024-12-16,Morgan Tate,4/5,rotten,"This is a generated review for Skyline Reborn, written by Morgan Tate.","[-0.002837252007019949, 0.004909073912048773, 0.014990077654561066, -0.0018206888958138302, -0.002793813901268302, 0.015812746758454257, -0.014563887607206172, 0.008705286254358534, -0.0010716344057600628, -0.003092700900142395]"
The Last Echo,7104190,2021-11-27,Taylor Brooks,2.5/5,fresh,"This is a generated review for The Last Echo, written by Taylor Brooks.","[-0.008981284278732585, 0.00042867439901111623, 0.015043619170705898, -0.005316171031810537, -0.01159177323275252, -0.008093890896702503, -0.0043548585014343034, -0.004921817427383552, 0.00030579160439778846, 0.012885276605437253]"
Shadow of Time,6360423,2020-05-31,Morgan Tate,4/5,fresh,"This is a generated review for Shadow of Time, written by Morgan Tate.","[-0.00592997455485254, -0.004932193429595775, 0.011542611718883173, -0.010295183654878866, 0.010408691108528729, 0.0025722300445447342, 0.006122152325820328, 0.007555428739009874, 0.0058015078980934685, 0.01130857943548232]"
Shadow of Time,3418942,2022-12-06,Alex Harper,2/5,rotten,"This is a generated review for Shadow of Time, written by Alex Harper.","[-0.01855090406357548, -0.017283260634920205, -0.0023834184241285396, 0.0029285492371492056, -0.014556166758724674, -0.009669571700746981, -0.01442730235741184, 0.0037514223241830527, 0.01463827257519745, -0.005263864508735909]"
Shadow of Time,2573753,2020-09-10,Taylor Brooks,1/5,rotten,"This is a generated review for Shadow of Time, written by Taylor Brooks.","[-0.01808652089840706, 0.004253552533953139, -0.01857325106001053, 0.017864775201984495, -0.01666930794268846, -0.014424179223861997, -0.015704489202862066, 0.01272323750709475, -0.006957195064573969, 0.005657338837885564]"
Neon Horizon,1604573,2021-03-30,Alex Harper,NaN,fresh,"This is a generated review for Neon Horizon, written by Alex Harper.","[0.0012945081244061137, 0.004520517806482317, 0.006730138357956633, 0.0023594821289105623, 0.006669747013188645, 0.01354032084309387, 0.005407572311398639, -0.0018419280799886022, 0.013418448568609177, 0.014322477372976147]"
Skyline Reborn,5823882,2015-07-27,Alex Harper,3/5,fresh,"This is a generated review for Skyline Reborn, written by Alex Harper.","[-0.001417031249383225, 0.01903063680335305, -0.0061041854121513285, -6.0951900042679336e-05, 0.0021351499530272607, -0.016782937831905112, -0.006172374442795557, 0.01531013758512265, -0.011487007919800268, -0.01124814549875631]"
Skyline Reborn,3671578,2018-10-21,Jordan Reese,3.5/4,fresh,"This is a generated review for Skyline Reborn, written by Jordan Reese.","[-0.010256884134921375, -0.006936897872571466, 0.016045731709224926, -0.004445539472695961, -0.0009041888177523903, -0.009614489415965842, -0.013740774202183063, -0.0013589061438498418, -0.014544843386474784, -0.018320016427544532]"
The Last Echo,1888925,2018-10-27,Jamie Lowell,1/5,fresh,"This is a generated review for The Last Echo, written by Jamie Lowell.","[0.010804699331052766, 0.0006944694156862628, 0.006055460289298559, 0.0002710699224780788, -0.006493592373344317, 0.008512359138015048, -0.006826611843012595, 0.0016771981665018344, 0.014298236138484948, -0.0031772768318060786]"
Neon Horizon,1686800,2023-05-16,Morgan Tate,NaN,rotten,"This is a generated review for Neon Horizon, written by Morgan Tate.","[-0.004768428645704877, -0.014580094122439626, -0.013769892125279327, -0.007289384782493117, -0.0023987965362807645, 0.008958960766841006, 0.007598155630739744, 0.010117650597490577, 0.017040820584696383, 0.013973451621226509]"
Skyline Reborn,1130117,2017-01-19,Alex Harper,NaN,fresh,"This is a generated review for Skyline Reborn, written by Alex Harper.","[-0.010407892977991558, -0.015186118479607762, 0.012015138811247012, -0.0149414775969474, 0.0008966684345333084, -0.007080131706133374, 0.002707433645834277, -0.010338161443932483, -0.004550291004559771, -0.014845689017952886]"
Shadow of Time,7238351,2019-02-27,Alex Harper,3.5/4,fresh,"This is a generated review for Shadow of Time, written by Alex Harper.","[-0.0024278241699472493, 0.006213923473020303, 0.012314099080004543, -0.010098202868568707, 0.01651908075001449, -0.005581500294861224, -0.006865898232630618, -0.00036345026032356606, 0.01531978548428702, -0.01331695804488597]"
